,link,tt0_hours
0,0,0.3149661532207464
1,1,0.2868663670829025
