,link,tt0_minutes
0,0,18.897969193244784
1,1,17.211982024974148
